date,precip_type
2013-01-01,none
2013-01-02,none
2013-01-03,none
2013-01-04,none
2013-01-05,none
2013-01-06,none
2013-01-07,none
2013-01-08,none
2013-01-09,none
2013-01-10,none
2013-01-11,none
2013-01-12,none
2013-01-13,none
2013-01-14,none
2013-01-15,none
2013-01-16,none
2013-01-17,none
2013-01-18,none
2013-01-19,none
2013-01-20,"rain,snow"
2013-01-21,none
2013-01-22,none
2013-01-23,none
2013-01-24,none
2013-01-25,none
2013-01-26,none
2013-01-27,none
2013-01-28,none
2013-01-29,none
2013-01-30,none
2013-01-31,"rain,snow"
2013-02-01,none
2013-02-02,none
2013-02-03,"rain,snow"
2013-02-04,none
2013-02-05,snow
2013-02-06,none
2013-02-07,none
2013-02-08,none
2013-02-09,none
2013-02-10,none
2013-02-11,none
2013-02-12,none
2013-02-13,none
2013-02-14,none
2013-02-15,none
2013-02-16,none
2013-02-17,none
2013-02-18,none
2013-02-19,none
2013-02-20,none
2013-02-21,none
2013-02-22,none
2013-02-23,none
2013-02-24,none
2013-02-25,none
2013-02-26,none
2013-02-27,none
2013-02-28,none
2013-03-01,none
2013-03-02,none
2013-03-03,none
2013-03-04,none
2013-03-05,none
2013-03-06,none
2013-03-07,none
2013-03-08,none
2013-03-09,none
2013-03-10,none
2013-03-11,none
2013-03-12,rain
2013-03-13,none
2013-03-14,none
2013-03-15,none
2013-03-16,none
2013-03-17,none
2013-03-18,none
2013-03-19,rain
2013-03-20,"rain,snow"
2013-03-21,none
2013-03-22,none
2013-03-23,none
2013-03-24,none
2013-03-25,none
2013-03-26,none
2013-03-27,none
2013-03-28,none
2013-03-29,none
2013-03-30,none
2013-03-31,none
2013-04-01,none
2013-04-02,none
2013-04-03,none
2013-04-04,rain
2013-04-05,rain
2013-04-06,none
2013-04-07,none
2013-04-08,rain
2013-04-09,none
2013-04-10,none
2013-04-11,none
2013-04-12,none
2013-04-13,none
2013-04-14,none
2013-04-15,none
2013-04-16,none
2013-04-17,none
2013-04-18,none
2013-04-19,none
2013-04-20,none
2013-04-21,none
2013-04-22,none
2013-04-23,none
2013-04-24,none
2013-04-25,none
2013-04-26,none
2013-04-27,none
2013-04-28,none
2013-04-29,none
2013-04-30,none
2013-05-01,none
2013-05-02,none
2013-05-03,none
2013-05-04,none
2013-05-05,none
2013-05-06,none
2013-05-07,none
2013-05-08,none
2013-05-09,rain
2013-05-10,none
2013-05-11,none
2013-05-12,none
2013-05-13,none
2013-05-14,none
2013-05-15,none
2013-05-16,none
2013-05-17,none
2013-05-18,none
2013-05-19,none
2013-05-20,none
2013-05-21,none
2013-05-22,none
2013-05-23,none
2013-05-24,rain
2013-05-25,none
2013-05-26,none
2013-05-27,rain
2013-05-28,rain
2013-05-29,none
2013-05-30,none
2013-05-31,none
2013-06-01,none
2013-06-02,none
2013-06-03,none
2013-06-04,none
2013-06-05,rain
2013-06-06,none
2013-06-07,rain
2013-06-08,rain
2013-06-09,rain
2013-06-10,rain
2013-06-11,rain
2013-06-12,rain
2013-06-13,none
2013-06-14,none
2013-06-15,none
2013-06-16,rain
2013-06-17,none
2013-06-18,none
2013-06-19,none
2013-06-20,none
2013-06-21,none
2013-06-22,rain
2013-06-23,none
2013-06-24,rain
2013-06-25,rain
2013-06-26,none
2013-06-27,none
2013-06-28,none
2013-06-29,rain
2013-06-30,none
2013-07-01,rain
2013-07-02,rain
2013-07-03,none
2013-07-04,none
2013-07-05,none
2013-07-06,none
2013-07-07,rain
2013-07-08,rain
2013-07-09,rain
2013-07-10,rain
2013-07-11,none
2013-07-12,none
2013-07-13,none
2013-07-14,none
2013-07-15,rain
2013-07-16,rain
2013-07-17,none
2013-07-18,none
2013-07-19,none
2013-07-20,none
2013-07-21,none
2013-07-22,none
2013-07-23,rain
2013-07-24,none
2013-07-25,none
2013-07-26,rain
2013-07-27,none
2013-07-28,none
2013-07-29,rain
2013-07-30,none
2013-07-31,rain
2013-08-01,rain
2013-08-02,none
2013-08-03,none
2013-08-04,none
2013-08-05,rain
2013-08-06,none
2013-08-07,rain
2013-08-08,none
2013-08-09,none
2013-08-10,none
2013-08-11,rain
2013-08-12,rain
2013-08-13,none
2013-08-14,rain
2013-08-15,none
2013-08-16,rain
2013-08-17,none
2013-08-18,none
2013-08-19,none
2013-08-20,none
2013-08-21,rain
2013-08-22,rain
2013-08-23,rain
2013-08-24,none
2013-08-25,none
2013-08-26,none
2013-08-27,none
2013-08-28,rain
2013-08-29,none
2013-08-30,none
2013-08-31,none
2013-09-01,rain
2013-09-02,rain
2013-09-03,none
2013-09-04,rain
2013-09-05,rain
2013-09-06,rain
2013-09-07,none
2013-09-08,none
2013-09-09,rain
2013-09-10,none
2013-09-11,none
2013-09-12,none
2013-09-13,rain
2013-09-14,rain
2013-09-15,none
2013-09-16,none
2013-09-17,rain
2013-09-18,rain
2013-09-19,rain
2013-09-20,none
2013-09-21,none
2013-09-22,rain
2013-09-23,rain
2013-09-24,none
2013-09-25,none
2013-09-26,none
2013-09-27,none
2013-09-28,none
2013-09-29,none
2013-09-30,none
2013-10-01,rain
2013-10-02,none
2013-10-03,none
2013-10-04,none
2013-10-05,none
2013-10-06,none
2013-10-07,none
2013-10-08,none
2013-10-09,none
2013-10-10,none
2013-10-11,none
2013-10-12,none
2013-10-13,rain
2013-10-14,rain
2013-10-15,none
2013-10-16,none
2013-10-17,none
2013-10-18,none
2013-10-19,rain
2013-10-20,none
2013-10-21,none
2013-10-22,rain
2013-10-23,rain
2013-10-24,none
2013-10-25,none
2013-10-26,none
2013-10-27,none
2013-10-28,none
2013-10-29,none
2013-10-30,none
2013-10-31,none
2013-11-01,rain
2013-11-02,none
2013-11-03,none
2013-11-04,none
2013-11-05,none
2013-11-06,none
2013-11-07,none
2013-11-08,none
2013-11-09,none
2013-11-10,none
2013-11-11,none
2013-11-12,none
2013-11-13,none
2013-11-14,none
2013-11-15,none
2013-11-16,none
2013-11-17,none
2013-11-18,none
2013-11-19,none
2013-11-20,none
2013-11-21,none
2013-11-22,none
2013-11-23,none
2013-11-24,none
2013-11-25,none
2013-11-26,none
2013-11-27,none
2013-11-28,none
2013-11-29,none
2013-11-30,none
2013-12-01,none
2013-12-02,none
2013-12-03,none
2013-12-04,none
2013-12-05,none
2013-12-06,none
2013-12-07,none
2013-12-08,none
2013-12-09,none
2013-12-10,none
2013-12-11,none
2013-12-12,none
2013-12-13,none
2013-12-14,none
2013-12-15,none
2013-12-16,none
2013-12-17,none
2013-12-18,none
2013-12-19,none
2013-12-20,none
2013-12-21,none
2013-12-22,none
2013-12-23,none
2013-12-24,none
2013-12-25,none
2013-12-26,none
2013-12-27,none
2013-12-28,none
2013-12-29,none
2013-12-30,none
2013-12-31,none
2014-01-01,none
2014-01-02,none
2014-01-03,none
2014-01-04,none
2014-01-05,none
2014-01-06,none
2014-01-07,none
2014-01-08,none
2014-01-09,none
2014-01-10,none
2014-01-11,none
2014-01-12,none
2014-01-13,none
2014-01-14,none
2014-01-15,none
2014-01-16,none
2014-01-17,none
2014-01-18,none
2014-01-19,none
2014-01-20,none
2014-01-21,none
2014-01-22,none
2014-01-23,none
2014-01-24,none
2014-01-25,none
2014-01-26,none
2014-01-27,none
2014-01-28,none
2014-01-29,none
2014-01-30,none
2014-01-31,none
2014-02-01,none
2014-02-02,none
2014-02-03,none
2014-02-04,none
2014-02-05,none
2014-02-06,none
2014-02-07,snow
2014-02-08,snow
2014-02-09,none
2014-02-10,none
2014-02-11,none
2014-02-12,none
2014-02-13,none
2014-02-14,none
2014-02-15,none
2014-02-16,none
2014-02-17,none
2014-02-18,none
2014-02-19,none
2014-02-20,none
2014-02-21,none
2014-02-22,none
2014-02-23,none
2014-02-24,none
2014-02-25,none
2014-02-26,rain
2014-02-27,none
2014-02-28,none
2014-03-01,none
2014-03-02,none
2014-03-03,none
2014-03-04,none
2014-03-05,none
2014-03-06,none
2014-03-07,none
2014-03-08,none
2014-03-09,none
2014-03-10,none
2014-03-11,none
2014-03-12,none
2014-03-13,none
2014-03-14,none
2014-03-15,none
2014-03-16,none
2014-03-17,none
2014-03-18,none
2014-03-19,none
2014-03-20,none
2014-03-21,none
2014-03-22,none
2014-03-23,none
2014-03-24,none
2014-03-25,none
2014-03-26,none
2014-03-27,none
2014-03-28,none
2014-03-29,none
2014-03-30,none
2014-03-31,rain
2014-04-01,none
2014-04-02,none
2014-04-03,none
2014-04-04,none
2014-04-05,none
2014-04-06,none
2014-04-07,none
2014-04-08,none
2014-04-09,none
2014-04-10,none
2014-04-11,none
2014-04-12,none
2014-04-13,none
2014-04-14,none
2014-04-15,none
2014-04-16,none
2014-04-17,rain
2014-04-18,none
2014-04-19,rain
2014-04-20,none
2014-04-21,none
2014-04-22,none
2014-04-23,rain
2014-04-24,none
2014-04-25,none
2014-04-26,rain
2014-04-27,none
2014-04-28,none
2014-04-29,none
2014-04-30,none
2014-05-01,none
2014-05-02,none
2014-05-03,none
2014-05-04,none
2014-05-05,none
2014-05-06,none
2014-05-07,rain
2014-05-08,none
2014-05-09,none
2014-05-10,none
2014-05-11,rain
2014-05-12,none
2014-05-13,none
2014-05-14,none
2014-05-15,none
2014-05-16,none
2014-05-17,none
2014-05-18,none
2014-05-19,none
2014-05-20,none
2014-05-21,none
2014-05-22,none
2014-05-23,none
2014-05-24,rain
2014-05-25,rain
2014-05-26,none
2014-05-27,none
2014-05-28,none
2014-05-29,none
2014-05-30,none
2014-05-31,none
2014-06-01,rain
2014-06-02,none
2014-06-03,none
2014-06-04,none
2014-06-05,none
2014-06-06,rain
2014-06-07,none
2014-06-08,rain
2014-06-09,none
2014-06-10,rain
2014-06-11,none
2014-06-12,none
2014-06-13,rain
2014-06-14,none
2014-06-15,rain
2014-06-16,rain
2014-06-17,rain
2014-06-18,none
2014-06-19,none
2014-06-20,rain
2014-06-21,rain
2014-06-22,rain
2014-06-23,none
2014-06-24,none
2014-06-25,rain
2014-06-26,none
2014-06-27,none
2014-06-28,none
2014-06-29,none
2014-06-30,none
2014-07-01,none
2014-07-02,rain
2014-07-03,none
2014-07-04,none
2014-07-05,none
2014-07-06,none
2014-07-07,rain
2014-07-08,none
2014-07-09,none
2014-07-10,none
2014-07-11,none
2014-07-12,none
2014-07-13,rain
2014-07-14,none
2014-07-15,none
2014-07-16,rain
2014-07-17,rain
2014-07-18,none
2014-07-19,none
2014-07-20,none
2014-07-21,none
2014-07-22,none
2014-07-23,none
2014-07-24,none
2014-07-25,none
2014-07-26,none
2014-07-27,none
2014-07-28,none
2014-07-29,none
2014-07-30,rain
2014-07-31,none
2014-08-01,none
2014-08-02,none
2014-08-03,rain
2014-08-04,rain
2014-08-05,none
2014-08-06,none
2014-08-07,none
2014-08-08,none
2014-08-09,none
2014-08-10,rain
2014-08-11,none
2014-08-12,none
2014-08-13,rain
2014-08-14,none
2014-08-15,none
2014-08-16,none
2014-08-17,none
2014-08-18,none
2014-08-19,none
2014-08-20,none
2014-08-21,rain
2014-08-22,none
2014-08-23,rain
2014-08-24,rain
2014-08-25,none
2014-08-26,none
2014-08-27,none
2014-08-28,rain
2014-08-29,rain
2014-08-30,rain
2014-08-31,rain
2014-09-01,rain
2014-09-02,rain
2014-09-03,none
2014-09-04,none
2014-09-05,none
2014-09-06,none
2014-09-07,none
2014-09-08,none
2014-09-09,none
2014-09-10,none
2014-09-11,none
2014-09-12,rain
2014-09-13,none
2014-09-14,none
2014-09-15,none
2014-09-16,none
2014-09-17,none
2014-09-18,none
2014-09-19,rain
2014-09-20,rain
2014-09-21,none
2014-09-22,none
2014-09-23,rain
2014-09-24,rain
2014-09-25,rain
2014-09-26,none
2014-09-27,none
2014-09-28,none
2014-09-29,none
2014-09-30,none
2014-10-01,rain
2014-10-02,rain
2014-10-03,none
2014-10-04,rain
2014-10-05,none
2014-10-06,none
2014-10-07,none
2014-10-08,rain
2014-10-09,none
2014-10-10,none
2014-10-11,none
2014-10-12,rain
2014-10-13,none
2014-10-14,none
2014-10-15,none
2014-10-16,none
2014-10-17,none
2014-10-18,none
2014-10-19,none
2014-10-20,none
2014-10-21,none
2014-10-22,none
2014-10-23,none
2014-10-24,none
2014-10-25,none
2014-10-26,none
2014-10-27,none
2014-10-28,none
2014-10-29,none
2014-10-30,none
2014-10-31,none
2014-11-01,none
2014-11-02,none
2014-11-03,none
2014-11-04,none
2014-11-05,none
2014-11-06,none
2014-11-07,none
2014-11-08,none
2014-11-09,none
2014-11-10,none
2014-11-11,none
2014-11-12,none
2014-11-13,none
2014-11-14,none
2014-11-15,none
2014-11-16,none
2014-11-17,none
2014-11-18,none
2014-11-19,none
2014-11-20,none
2014-11-21,none
2014-11-22,none
2014-11-23,none
2014-11-24,none
2014-11-25,none
2014-11-26,none
2014-11-27,none
2014-11-28,none
2014-11-29,none
2014-11-30,none
2014-12-01,none
2014-12-02,none
2014-12-03,none
2014-12-04,none
2014-12-05,none
2014-12-06,none
2014-12-07,none
2014-12-08,none
2014-12-09,none
2014-12-10,none
2014-12-11,none
2014-12-12,none
2014-12-13,none
2014-12-14,none
2014-12-15,none
2014-12-16,none
2014-12-17,none
2014-12-18,none
2014-12-19,none
2014-12-20,none
2014-12-21,none
2014-12-22,none
2014-12-23,none
2014-12-24,none
2014-12-25,none
2014-12-26,none
2014-12-27,none
2014-12-28,none
2014-12-29,none
2014-12-30,none
2014-12-31,none
2015-01-01,none
2015-01-02,none
2015-01-03,none
2015-01-04,none
2015-01-05,none
2015-01-06,none
2015-01-07,none
2015-01-08,none
2015-01-09,none
2015-01-10,none
2015-01-11,none
2015-01-12,none
2015-01-13,none
2015-01-14,none
2015-01-15,none
2015-01-16,none
2015-01-17,none
2015-01-18,none
2015-01-19,none
2015-01-20,none
2015-01-21,none
2015-01-22,none
2015-01-23,none
2015-01-24,none
2015-01-25,"rain,snow"
2015-01-26,none
2015-01-27,none
2015-01-28,none
2015-01-29,none
2015-01-30,none
2015-01-31,none
2015-02-01,none
2015-02-02,none
2015-02-03,none
2015-02-04,none
2015-02-05,none
2015-02-06,none
2015-02-07,none
2015-02-08,none
2015-02-09,none
2015-02-10,none
2015-02-11,none
2015-02-12,none
2015-02-13,none
2015-02-14,none
2015-02-15,none
2015-02-16,none
2015-02-17,none
2015-02-18,none
2015-02-19,"rain,snow"
2015-02-20,"rain,snow"
2015-02-21,"rain,snow"
2015-02-22,none
2015-02-23,none
2015-02-24,none
2015-02-25,none
2015-02-26,none
2015-02-27,none
2015-02-28,"rain,snow"
2015-03-01,none
2015-03-02,none
2015-03-03,none
2015-03-04,none
2015-03-05,none
2015-03-06,none
2015-03-07,none
2015-03-08,none
2015-03-09,none
2015-03-10,none
2015-03-11,none
2015-03-12,none
2015-03-13,none
2015-03-14,none
2015-03-15,none
2015-03-16,none
2015-03-17,none
2015-03-18,none
2015-03-19,none
2015-03-20,none
2015-03-21,none
2015-03-22,none
2015-03-23,none
2015-03-24,none
2015-03-25,none
2015-03-26,none
2015-03-27,none
2015-03-28,none
2015-03-29,none
2015-03-30,none
2015-03-31,rain
2015-04-01,none
2015-04-02,rain
2015-04-03,none
2015-04-04,none
2015-04-05,none
2015-04-06,none
2015-04-07,none
2015-04-08,none
2015-04-09,none
2015-04-10,none
2015-04-11,rain
2015-04-12,rain
2015-04-13,rain
2015-04-14,none
2015-04-15,none
2015-04-16,none
2015-04-17,none
2015-04-18,none
2015-04-19,none
2015-04-20,none
2015-04-21,none
2015-04-22,none
2015-04-23,none
2015-04-24,none
2015-04-25,none
2015-04-26,none
2015-04-27,rain
2015-04-28,none
2015-04-29,none
2015-04-30,none
2015-05-01,rain
2015-05-02,rain
2015-05-03,none
2015-05-04,none
2015-05-05,none
2015-05-06,none
2015-05-07,none
2015-05-08,none
2015-05-09,none
2015-05-10,rain
2015-05-11,rain
2015-05-12,none
2015-05-13,none
2015-05-14,none
2015-05-15,none
2015-05-16,none
2015-05-17,rain
2015-05-18,rain
2015-05-19,none
2015-05-20,none
2015-05-21,none
2015-05-22,none
2015-05-23,none
2015-05-24,none
2015-05-25,none
2015-05-26,none
2015-05-27,none
2015-05-28,none
2015-05-29,rain
2015-05-30,none
2015-05-31,none
2015-06-01,none
2015-06-02,none
2015-06-03,none
2015-06-04,rain
2015-06-05,none
2015-06-06,rain
2015-06-07,rain
2015-06-08,rain
2015-06-09,none
2015-06-10,rain
2015-06-11,rain
2015-06-12,none
2015-06-13,rain
2015-06-14,none
2015-06-15,none
2015-06-16,none
2015-06-17,rain
2015-06-18,none
2015-06-19,rain
2015-06-20,none
2015-06-21,none
2015-06-22,none
2015-06-23,rain
2015-06-24,none
2015-06-25,none
2015-06-26,rain
2015-06-27,rain
2015-06-28,none
2015-06-29,rain
2015-06-30,rain
2015-07-01,rain
2015-07-02,none
2015-07-03,none
2015-07-04,rain
2015-07-05,none
2015-07-06,none
2015-07-07,none
2015-07-08,none
2015-07-09,none
2015-07-10,none
2015-07-11,none
2015-07-12,none
2015-07-13,none
2015-07-14,rain
2015-07-15,none
2015-07-16,rain
2015-07-17,rain
2015-07-18,rain
2015-07-19,rain
2015-07-20,rain
2015-07-21,none
2015-07-22,none
2015-07-23,rain
2015-07-24,none
2015-07-25,none
2015-07-26,none
2015-07-27,none
2015-07-28,rain
2015-07-29,none
2015-07-30,rain
2015-07-31,rain
2015-08-01,none
2015-08-02,rain
2015-08-03,rain
2015-08-04,none
2015-08-05,none
2015-08-06,none
2015-08-07,rain
2015-08-08,rain
2015-08-09,none
2015-08-10,none
2015-08-11,none
2015-08-12,none
2015-08-13,none
2015-08-14,none
2015-08-15,none
2015-08-16,none
2015-08-17,none
2015-08-18,rain
2015-08-19,rain
2015-08-20,none
2015-08-21,none
2015-08-22,none
2015-08-23,rain
2015-08-24,none
2015-08-25,none
2015-08-26,none
2015-08-27,none
2015-08-28,none
2015-08-29,rain
2015-08-30,rain
2015-08-31,rain
2015-09-01,rain
2015-09-02,none
2015-09-03,none
2015-09-04,rain
2015-09-05,rain
2015-09-06,none
2015-09-07,none
2015-09-08,none
2015-09-09,none
2015-09-10,rain
2015-09-11,rain
2015-09-12,none
2015-09-13,none
2015-09-14,none
2015-09-15,none
2015-09-16,none
2015-09-17,none
2015-09-18,rain
2015-09-19,none
2015-09-20,none
2015-09-21,none
2015-09-22,none
2015-09-23,none
2015-09-24,none
2015-09-25,rain
2015-09-26,none
2015-09-27,none
2015-09-28,rain
2015-09-29,rain
2015-09-30,rain
2015-10-01,rain
2015-10-02,none
2015-10-03,none
2015-10-04,none
2015-10-05,none
2015-10-06,none
2015-10-07,none
2015-10-08,none
2015-10-09,none
2015-10-10,none
2015-10-11,none
2015-10-12,none
2015-10-13,none
2015-10-14,none
2015-10-15,none
2015-10-16,none
2015-10-17,none
2015-10-18,none
2015-10-19,none
2015-10-20,none
2015-10-21,rain
2015-10-22,rain
2015-10-23,none
2015-10-24,none
2015-10-25,none
2015-10-26,rain
2015-10-27,none
2015-10-28,none
2015-10-29,none
2015-10-30,none
2015-10-31,none
2015-11-01,none
2015-11-02,none
2015-11-03,none
2015-11-04,none
2015-11-05,rain
2015-11-06,"rain,snow"
2015-11-07,"rain,snow"
2015-11-08,none
2015-11-09,none
2015-11-10,none
2015-11-11,none
2015-11-12,none
2015-11-13,none
2015-11-14,none
2015-11-15,none
2015-11-16,rain
2015-11-17,none
2015-11-18,none
2015-11-19,"rain,snow"
2015-11-20,"rain,snow"
2015-11-21,"rain,snow"
2015-11-22,"rain,snow"
2015-11-23,snow
2015-11-24,none
2015-11-25,none
2015-11-26,none
2015-11-27,none
2015-11-28,none
2015-11-29,none
2015-11-30,none
2015-12-01,none
2015-12-02,none
2015-12-03,none
2015-12-04,none
2015-12-05,none
2015-12-06,none
2015-12-07,none
2015-12-08,none
2015-12-09,none
2015-12-10,none
2015-12-11,none
2015-12-12,none
2015-12-13,none
2015-12-14,"rain,snow"
2015-12-15,none
2015-12-16,none
2015-12-17,none
2015-12-18,none
2015-12-19,none
2015-12-20,none
2015-12-21,none
2015-12-22,none
2015-12-23,none
2015-12-24,none
2015-12-25,none
2015-12-26,none
2015-12-27,none
2015-12-28,none
2015-12-29,none
2015-12-30,none
2015-12-31,none
2016-01-01,none
2016-01-02,none
2016-01-03,none
2016-01-04,none
2016-01-05,none
2016-01-06,none
2016-01-07,none
2016-01-08,none
2016-01-09,none
2016-01-10,none
2016-01-11,none
2016-01-12,none
2016-01-13,none
2016-01-14,none
2016-01-15,none
2016-01-16,none
2016-01-17,snow
2016-01-18,none
2016-01-19,none
2016-01-20,none
2016-01-21,none
2016-01-22,none
2016-01-23,none
2016-01-24,none
2016-01-25,none
2016-01-26,none
2016-01-27,none
2016-01-28,none
2016-01-29,none
2016-01-30,none
2016-01-31,none
2016-02-01,none
2016-02-02,none
2016-02-03,none
2016-02-04,none
2016-02-05,none
2016-02-06,none
2016-02-07,none
2016-02-08,none
2016-02-09,none
2016-02-10,none
2016-02-11,none
2016-02-12,rain
2016-02-13,"rain,snow"
2016-02-14,none
2016-02-15,none
2016-02-16,none
2016-02-17,none
2016-02-18,none
2016-02-19,none
2016-02-20,none
2016-02-21,none
2016-02-22,none
2016-02-23,none
2016-02-24,none
2016-02-25,none
2016-02-26,none
2016-02-27,none
2016-02-28,"rain,snow"
2016-02-29,none
2016-03-01,none
2016-03-02,none
2016-03-03,none
2016-03-04,none
2016-03-05,none
2016-03-06,none
2016-03-07,none
2016-03-08,none
2016-03-09,none
2016-03-10,none
2016-03-11,none
2016-03-12,none
2016-03-13,none
2016-03-14,none
2016-03-15,none
2016-03-16,none
2016-03-17,none
2016-03-18,none
2016-03-19,none
2016-03-20,none
2016-03-21,none
2016-03-22,none
2016-03-23,none
2016-03-24,none
2016-03-25,none
2016-03-26,none
2016-03-27,none
2016-03-28,none
2016-03-29,none
2016-03-30,none
2016-03-31,none
2016-04-01,none
2016-04-02,rain
2016-04-03,none
2016-04-04,none
2016-04-05,none
2016-04-06,none
2016-04-07,none
2016-04-08,none
2016-04-09,none
2016-04-10,none
2016-04-11,none
2016-04-12,rain
2016-04-13,none
2016-04-14,none
2016-04-15,none
2016-04-16,rain
2016-04-17,none
2016-04-18,none
2016-04-19,none
2016-04-20,none
2016-04-21,none
2016-04-22,none
2016-04-23,none
2016-04-24,none
2016-04-25,none
2016-04-26,none
2016-04-27,none
2016-04-28,none
2016-04-29,none
2016-04-30,none
2016-05-01,none
2016-05-02,rain
2016-05-03,none
2016-05-04,none
2016-05-05,none
2016-05-06,none
2016-05-07,none
2016-05-08,none
2016-05-09,none
2016-05-10,none
2016-05-11,none
2016-05-12,rain
2016-05-13,none
2016-05-14,rain
2016-05-15,none
2016-05-16,none
2016-05-17,none
2016-05-18,none
2016-05-19,none
2016-05-20,none
2016-05-21,none
2016-05-22,none
2016-05-23,rain
2016-05-24,none
2016-05-25,rain
2016-05-26,none
2016-05-27,none
2016-05-28,none
2016-05-29,none
2016-05-30,none
2016-05-31,none
2016-06-01,none
2016-06-02,none
2016-06-03,none
2016-06-04,none
2016-06-05,none
2016-06-06,none
2016-06-07,rain
2016-06-08,rain
2016-06-09,none
2016-06-10,rain
2016-06-11,none
2016-06-12,none
2016-06-13,rain
2016-06-14,rain
2016-06-15,rain
2016-06-16,none
2016-06-17,none
2016-06-18,none
2016-06-19,none
2016-06-20,rain
2016-06-21,none
2016-06-22,none
2016-06-23,none
2016-06-24,none
2016-06-25,none
2016-06-26,none
2016-06-27,rain
2016-06-28,rain
2016-06-29,rain
2016-06-30,none
2016-07-01,rain
2016-07-02,none
2016-07-03,rain
2016-07-04,none
2016-07-05,none
2016-07-06,none
2016-07-07,none
2016-07-08,none
2016-07-09,none
2016-07-10,none
2016-07-11,none
2016-07-12,rain
2016-07-13,none
2016-07-14,none
2016-07-15,rain
2016-07-16,rain
2016-07-17,none
2016-07-18,rain
2016-07-19,rain
2016-07-20,rain
2016-07-21,rain
2016-07-22,none
2016-07-23,none
2016-07-24,none
2016-07-25,rain
2016-07-26,rain
2016-07-27,none
2016-07-28,rain
2016-07-29,none
2016-07-30,rain
2016-07-31,none
2016-08-01,rain
2016-08-02,none
2016-08-03,none
2016-08-04,none
2016-08-05,none
2016-08-06,none
2016-08-07,rain
2016-08-08,none
2016-08-09,none
2016-08-10,none
2016-08-11,none
2016-08-12,rain
2016-08-13,none
2016-08-14,rain
2016-08-15,rain
2016-08-16,rain
2016-08-17,none
2016-08-18,rain
2016-08-19,rain
2016-08-20,none
2016-08-21,none
2016-08-22,none
2016-08-23,rain
2016-08-24,none
2016-08-25,none
2016-08-26,none
2016-08-27,none
2016-08-28,none
2016-08-29,none
2016-08-30,none
2016-08-31,none
2016-09-01,none
2016-09-02,none
2016-09-03,none
2016-09-04,none
2016-09-05,none
2016-09-06,none
2016-09-07,rain
2016-09-08,rain
2016-09-09,none
2016-09-10,none
2016-09-11,rain
2016-09-12,none
2016-09-13,none
2016-09-14,none
2016-09-15,none
2016-09-16,none
2016-09-17,none
2016-09-18,rain
2016-09-19,none
2016-09-20,none
2016-09-21,none
2016-09-22,none
2016-09-23,rain
2016-09-24,rain
2016-09-25,none
2016-09-26,rain
2016-09-27,rain
2016-09-28,none
2016-09-29,none
2016-09-30,none
2016-10-01,none
2016-10-02,none
2016-10-03,none
2016-10-04,rain
2016-10-05,none
2016-10-06,rain
2016-10-07,rain
2016-10-08,none
2016-10-09,none
2016-10-10,none
2016-10-11,none
2016-10-12,none
2016-10-13,none
2016-10-14,none
2016-10-15,none
2016-10-16,rain
2016-10-17,none
2016-10-18,none
2016-10-19,none
2016-10-20,rain
2016-10-21,rain
2016-10-22,rain
2016-10-23,none
2016-10-24,rain
2016-10-25,none
2016-10-26,none
2016-10-27,rain
2016-10-28,rain
2016-10-29,none
2016-10-30,none
2016-10-31,none
2016-11-01,none
2016-11-02,none
2016-11-03,none
2016-11-04,none
2016-11-05,none
2016-11-06,none
2016-11-07,rain
2016-11-08,none
2016-11-09,none
2016-11-10,rain
2016-11-11,none
2016-11-12,none
2016-11-13,none
2016-11-14,none
2016-11-15,none
2016-11-16,none
2016-11-17,none
2016-11-18,none
2016-11-19,rain
2016-11-20,rain
2016-11-21,"rain,snow"
2016-11-22,none
2016-11-23,none
2016-11-24,none
2016-11-25,none
2016-11-26,none
2016-11-27,none
2016-11-28,none
2016-11-29,none
2016-11-30,none
2016-12-01,none
2016-12-02,none
2016-12-03,none
2016-12-04,none
2016-12-05,none
2016-12-06,none
2016-12-07,none
2016-12-08,none
2016-12-09,none
2016-12-10,none
2016-12-11,none
2016-12-12,none
2016-12-13,none
2016-12-14,none
2016-12-15,none
2016-12-16,none
2016-12-17,none
2016-12-18,none
2016-12-19,none
2016-12-20,none
2016-12-21,none
2016-12-22,none
2016-12-23,none
2016-12-24,none
2016-12-25,none
2016-12-26,none
2016-12-27,none
2016-12-28,none
2016-12-29,none
2016-12-30,none
2016-12-31,none
2017-01-01,none
2017-01-02,none
2017-01-03,none
2017-01-04,none
2017-01-05,none
2017-01-06,none
2017-01-07,"rain,snow"
2017-01-08,none
2017-01-09,none
2017-01-10,none
2017-01-11,none
2017-01-12,none
2017-01-13,none
2017-01-14,none
2017-01-15,none
2017-01-16,none
2017-01-17,none
2017-01-18,none
2017-01-19,none
2017-01-20,none
2017-01-21,none
2017-01-22,none
2017-01-23,none
2017-01-24,none
2017-01-25,none
2017-01-26,none
2017-01-27,none
2017-01-28,none
2017-01-29,none
2017-01-30,none
2017-01-31,none
2017-02-01,none
2017-02-02,none
2017-02-03,none
2017-02-04,none
2017-02-05,none
2017-02-06,none
2017-02-07,none
2017-02-08,none
2017-02-09,none
2017-02-10,none
2017-02-11,none
2017-02-12,none
2017-02-13,none
2017-02-14,none
2017-02-15,none
2017-02-16,none
2017-02-17,none
2017-02-18,none
2017-02-19,none
2017-02-20,none
2017-02-21,"rain,snow"
2017-02-22,snow
2017-02-23,none
2017-02-24,none
2017-02-25,none
2017-02-26,none
2017-02-27,none
2017-02-28,none
2017-03-01,none
2017-03-02,none
2017-03-03,none
2017-03-04,none
2017-03-05,none
2017-03-06,none
2017-03-07,none
2017-03-08,none
2017-03-09,none
2017-03-10,none
2017-03-11,none
2017-03-12,none
2017-03-13,none
2017-03-14,none
2017-03-15,none
2017-03-16,none
2017-03-17,none
2017-03-18,none
2017-03-19,none
2017-03-20,rain
2017-03-21,none
2017-03-22,none
2017-03-23,rain
2017-03-24,"rain,snow"
2017-03-25,none
2017-03-26,none
2017-03-27,none
2017-03-28,none
2017-03-29,none
2017-03-30,none
2017-03-31,none
2017-04-01,none
2017-04-02,none
2017-04-03,none
2017-04-04,none
2017-04-05,none
2017-04-06,none
2017-04-07,none
2017-04-08,none
2017-04-09,none
2017-04-10,none
2017-04-11,none
2017-04-12,none
2017-04-13,none
2017-04-14,none
2017-04-15,none
2017-04-16,none
2017-04-17,none
2017-04-18,none
2017-04-19,none
2017-04-20,none
2017-04-21,none
2017-04-22,none
2017-04-23,none
2017-04-24,none
2017-04-25,none
2017-04-26,none
2017-04-27,none
2017-04-28,none
2017-04-29,none
2017-04-30,none
2017-05-01,none
2017-05-02,none
2017-05-03,none
2017-05-04,rain
2017-05-05,none
2017-05-06,none
2017-05-07,none
2017-05-08,none
2017-05-09,none
2017-05-10,none
2017-05-11,none
2017-05-12,none
2017-05-13,none
2017-05-14,none
2017-05-15,none
2017-05-16,none
2017-05-17,none
2017-05-18,none
2017-05-19,none
2017-05-20,rain
2017-05-21,none
2017-05-22,rain
2017-05-23,none
2017-05-24,none
2017-05-25,none
2017-05-26,none
2017-05-27,none
2017-05-28,none
2017-05-29,none
2017-05-30,rain
2017-05-31,none
2017-06-01,none
2017-06-02,none
2017-06-03,none
2017-06-04,none
2017-06-05,none
2017-06-06,rain
2017-06-07,none
2017-06-08,rain
2017-06-09,none
2017-06-10,none
2017-06-11,rain
2017-06-12,none
2017-06-13,rain
2017-06-14,none
2017-06-15,none
2017-06-16,none
2017-06-17,none
2017-06-18,rain
2017-06-19,none
2017-06-20,none
2017-06-21,none
2017-06-22,rain
2017-06-23,rain
2017-06-24,rain
2017-06-25,none
2017-06-26,none
2017-06-27,none
2017-06-28,none
2017-06-29,none
2017-06-30,none
2017-07-01,none
2017-07-02,none
2017-07-03,none
2017-07-04,rain
2017-07-05,rain
2017-07-06,rain
2017-07-07,rain
2017-07-08,rain
2017-07-09,none
2017-07-10,none
2017-07-11,none
2017-07-12,none
2017-07-13,none
2017-07-14,none
2017-07-15,rain
2017-07-16,none
2017-07-17,none
2017-07-18,rain
2017-07-19,none
2017-07-20,none
2017-07-21,rain
2017-07-22,none
2017-07-23,none
2017-07-24,none
2017-07-25,none
2017-07-26,rain
2017-07-27,none
2017-07-28,none
2017-07-29,none
2017-07-30,none
2017-07-31,none
2017-08-01,none
2017-08-02,rain
2017-08-03,rain
2017-08-04,none
2017-08-05,rain
2017-08-06,none
2017-08-07,none
2017-08-08,none
2017-08-09,rain
2017-08-10,none
2017-08-11,rain
2017-08-12,rain
2017-08-13,rain
2017-08-14,rain
2017-08-15,none
2017-08-16,rain
2017-08-17,none
2017-08-18,rain
2017-08-19,rain
2017-08-20,rain
2017-08-21,none
2017-08-22,rain
2017-08-23,rain
2017-08-24,none
2017-08-25,none
2017-08-26,none
2017-08-27,rain
2017-08-28,rain
2017-08-29,none
2017-08-30,none
2017-08-31,none
2017-09-01,rain
2017-09-02,none
2017-09-03,none
2017-09-04,none
2017-09-05,none
2017-09-06,none
2017-09-07,none
2017-09-08,none
2017-09-09,none
2017-09-10,rain
2017-09-11,none
2017-09-12,none
2017-09-13,none
2017-09-14,none
2017-09-15,none
2017-09-16,none
2017-09-17,none
2017-09-18,none
2017-09-19,none
2017-09-20,none
2017-09-21,none
2017-09-22,none
2017-09-23,none
2017-09-24,none
2017-09-25,none
2017-09-26,none
2017-09-27,rain
2017-09-28,none
2017-09-29,none
2017-09-30,none
2017-10-01,none
2017-10-02,rain
2017-10-03,none
2017-10-04,none
2017-10-05,none
2017-10-06,none
2017-10-07,none
2017-10-08,rain
2017-10-09,rain
2017-10-10,rain
2017-10-11,none
2017-10-12,none
2017-10-13,none
2017-10-14,rain
2017-10-15,rain
2017-10-16,none
2017-10-17,none
2017-10-18,rain
2017-10-19,none
2017-10-20,none
2017-10-21,none
2017-10-22,rain
2017-10-23,none
2017-10-24,none
2017-10-25,none
2017-10-26,none
2017-10-27,none
2017-10-28,none
2017-10-29,none
2017-10-30,none
2017-10-31,none
2017-11-01,none
2017-11-02,none
2017-11-03,none
2017-11-04,none
2017-11-05,none
2017-11-06,none
2017-11-07,none
2017-11-08,none
2017-11-09,none
2017-11-10,none
2017-11-11,none
2017-11-12,none
2017-11-13,none
2017-11-14,none
2017-11-15,none
2017-11-16,none
2017-11-17,none
2017-11-18,none
2017-11-19,none
2017-11-20,none
2017-11-21,none
2017-11-22,none
2017-11-23,none
2017-11-24,none
2017-11-25,none
2017-11-26,none
2017-11-27,none
2017-11-28,none
2017-11-29,none
2017-11-30,none
2017-12-01,none
2017-12-02,none
2017-12-03,none
2017-12-04,none
2017-12-05,none
2017-12-06,none
2017-12-07,none
2017-12-08,none
2017-12-09,none
2017-12-10,none
2017-12-11,none
2017-12-12,none
2017-12-13,none
2017-12-14,none
2017-12-15,none
2017-12-16,none
2017-12-17,none
2017-12-18,none
2017-12-19,none
2017-12-20,none
2017-12-21,none
2017-12-22,none
2017-12-23,none
2017-12-24,none
2017-12-25,none
2017-12-26,none
2017-12-27,none
2017-12-28,none
2017-12-29,none
2017-12-30,none
2017-12-31,none
2018-01-01,none
2018-01-02,none
2018-01-03,none
2018-01-04,none
2018-01-05,none
2018-01-06,none
2018-01-07,none
2018-01-08,none
2018-01-09,none
2018-01-10,none
2018-01-11,none
2018-01-12,none
2018-01-13,none
2018-01-14,none
2018-01-15,none
2018-01-16,none
2018-01-17,none
2018-01-18,none
2018-01-19,none
2018-01-20,none
2018-01-21,none
2018-01-22,none
2018-01-23,none
2018-01-24,none
2018-01-25,none
2018-01-26,none
2018-01-27,none
2018-01-28,none
2018-01-29,none
2018-01-30,none
2018-01-31,none
2018-02-01,none
2018-02-02,none
2018-02-03,none
2018-02-04,none
2018-02-05,none
2018-02-06,none
2018-02-07,none
2018-02-08,none
2018-02-09,none
2018-02-10,none
2018-02-11,none
2018-02-12,none
2018-02-13,none
2018-02-14,none
2018-02-15,none
2018-02-16,none
2018-02-17,none
2018-02-18,none
2018-02-19,none
2018-02-20,none
2018-02-21,none
2018-02-22,none
2018-02-23,none
2018-02-24,none
2018-02-25,none
2018-02-26,none
2018-02-27,none
2018-02-28,none
2018-03-01,none
2018-03-02,none
2018-03-03,none
2018-03-04,none
2018-03-05,none
2018-03-06,none
2018-03-07,none
2018-03-08,none
2018-03-09,none
2018-03-10,none
2018-03-11,none
2018-03-12,none
2018-03-13,none
2018-03-14,none
2018-03-15,none
2018-03-16,none
2018-03-17,"rain,snow"
2018-03-18,none
2018-03-19,none
2018-03-20,none
2018-03-21,none
2018-03-22,none
2018-03-23,none
2018-03-24,none
2018-03-25,none
2018-03-26,none
2018-03-27,none
2018-03-28,none
2018-03-29,none
2018-03-30,none
2018-03-31,none
2018-04-01,none
2018-04-02,none
2018-04-03,rain
2018-04-04,"rain,snow"
2018-04-05,"rain,snow"
2018-04-06,none
2018-04-07,none
2018-04-08,none
2018-04-09,none
2018-04-10,none
2018-04-11,none
2018-04-12,none
2018-04-13,rain
2018-04-14,rain
2018-04-15,none
2018-04-16,none
2018-04-17,none
2018-04-18,none
2018-04-19,none
2018-04-20,none
2018-04-21,rain
2018-04-22,rain
2018-04-23,rain
2018-04-24,none
2018-04-25,none
2018-04-26,none
2018-04-27,none
2018-04-28,none
2018-04-29,none
2018-04-30,none
2018-05-01,rain
2018-05-02,none
2018-05-03,none
2018-05-04,none
2018-05-05,none
2018-05-06,none
2018-05-07,none
2018-05-08,none
2018-05-09,none
2018-05-10,none
2018-05-11,none
2018-05-12,none
2018-05-13,none
2018-05-14,none
2018-05-15,none
2018-05-16,none
2018-05-17,rain
2018-05-18,none
2018-05-19,rain
2018-05-20,rain
2018-05-21,rain
2018-05-22,rain
2018-05-23,none
2018-05-24,none
2018-05-25,none
2018-05-26,none
2018-05-27,none
2018-05-28,none
2018-05-29,none
2018-05-30,none
2018-05-31,none
2018-06-01,none
2018-06-02,none
2018-06-03,rain
2018-06-04,none
2018-06-05,none
2018-06-06,none
2018-06-07,rain
2018-06-08,none
2018-06-09,rain
2018-06-10,none
2018-06-11,none
2018-06-12,rain
2018-06-13,rain
2018-06-14,none
2018-06-15,none
2018-06-16,none
2018-06-17,rain
2018-06-18,none
2018-06-19,none
2018-06-20,none
2018-06-21,none
2018-06-22,none
2018-06-23,none
2018-06-24,none
2018-06-25,rain
2018-06-26,none
2018-06-27,none
2018-06-28,none
2018-06-29,rain
2018-06-30,rain
2018-07-01,rain
2018-07-02,none
2018-07-03,rain
2018-07-04,none
2018-07-05,rain
2018-07-06,none
2018-07-07,rain
2018-07-08,rain
2018-07-09,none
2018-07-10,none
2018-07-11,rain
2018-07-12,rain
2018-07-13,rain
2018-07-14,none
2018-07-15,none
2018-07-16,rain
2018-07-17,rain
2018-07-18,rain
2018-07-19,rain
2018-07-20,none
2018-07-21,none
2018-07-22,none
2018-07-23,rain
2018-07-24,rain
2018-07-25,rain
2018-07-26,none
2018-07-27,none
2018-07-28,none
2018-07-29,none
2018-07-30,none
2018-07-31,none
2018-08-01,none
2018-08-02,none
2018-08-03,none
2018-08-04,none
2018-08-05,rain
2018-08-06,rain
2018-08-07,none
2018-08-08,rain
2018-08-09,none
2018-08-10,none
2018-08-11,rain
2018-08-12,rain
2018-08-13,rain
2018-08-14,none
2018-08-15,none
2018-08-16,none
2018-08-17,none
2018-08-18,none
2018-08-19,none
2018-08-20,rain
2018-08-21,none
2018-08-22,none
2018-08-23,none
2018-08-24,none
2018-08-25,none
2018-08-26,none
2018-08-27,none
2018-08-28,none
2018-08-29,none
2018-08-30,rain
2018-08-31,none
2018-09-01,none
2018-09-02,rain
2018-09-03,none
2018-09-04,none
2018-09-05,none
2018-09-06,none
2018-09-07,none
2018-09-08,none
2018-09-09,none
2018-09-10,none
2018-09-11,rain
2018-09-12,rain
2018-09-13,none
2018-09-14,none
2018-09-15,none
2018-09-16,none
2018-09-17,none
2018-09-18,none
2018-09-19,none
2018-09-20,none
2018-09-21,none
2018-09-22,none
2018-09-23,none
2018-09-24,none
2018-09-25,rain
2018-09-26,none
2018-09-27,none
2018-09-28,rain
2018-09-29,rain
2018-09-30,none
2018-10-01,none
2018-10-02,none
2018-10-03,none
2018-10-04,none
2018-10-05,none
2018-10-06,none
2018-10-07,none
2018-10-08,none
2018-10-09,none
2018-10-10,none
2018-10-11,none
2018-10-12,none
2018-10-13,none
2018-10-14,none
2018-10-15,rain
2018-10-16,rain
2018-10-17,none
2018-10-18,none
2018-10-19,none
2018-10-20,none
2018-10-21,none
2018-10-22,none
2018-10-23,none
2018-10-24,none
2018-10-25,none
2018-10-26,none
2018-10-27,none
2018-10-28,none
2018-10-29,none
2018-10-30,none
2018-10-31,none
2018-11-01,none
2018-11-02,none
2018-11-03,none
2018-11-04,rain
2018-11-05,none
2018-11-06,none
2018-11-07,none
2018-11-08,none
2018-11-09,none
2018-11-10,none
2018-11-11,none
2018-11-12,none
2018-11-13,none
2018-11-14,none
2018-11-15,none
2018-11-16,none
2018-11-17,none
2018-11-18,none
2018-11-19,none
2018-11-20,none
2018-11-21,none
2018-11-22,none
2018-11-23,none
2018-11-24,none
2018-11-25,none
2018-11-26,none
2018-11-27,none
2018-11-28,none
2018-11-29,none
2018-11-30,none
2018-12-01,none
2018-12-02,rain
2018-12-03,none
2018-12-04,none
2018-12-05,none
2018-12-06,none
2018-12-07,none
2018-12-08,none
2018-12-09,none
2018-12-10,none
2018-12-11,none
2018-12-12,none
2018-12-13,none
2018-12-14,none
2018-12-15,none
2018-12-16,none
2018-12-17,none
2018-12-18,none
2018-12-19,none
2018-12-20,none
2018-12-21,none
2018-12-22,none
2018-12-23,none
2018-12-24,none
2018-12-25,none
2018-12-26,none
2018-12-27,none
2018-12-28,none
2018-12-29,none
2018-12-30,none
2018-12-31,none
